{
  "accuracy": 0.7467532467532467,
  "precision": 0.7142857142857143,
  "recall": 0.46296296296296297,
  "roc_auc": 0.8074074074074074
}