{
  "accuracy": 0.7337662337662337,
  "precision": 0.6226415094339622,
  "recall": 0.6111111111111112,
  "f1": 0.616822429906542,
  "roc_auc": 0.8225925925925927
}